12973	sa
11066	ang
9595	ng
6362	at
5941	na
5882	mga
2753	ay
2197	hindi
1922	Diyos
1677	ni
1493	Jesus
1456	si
1438	ito
1420	niya
1418	kanyang
1352	ninyo
1245	siya
1240	ko
1201	nang
1056	kayo
1004	kung
1000	upang
974	isang
974	lahat
959	sinabi
882	may
871	nila
860	sapagkat
816	tao
772	sila
743	inyo
721	ako
714	kanya
694	dahil
678	mo
665	inyong
637	anak
631	pa
605	kay
600	Cristo
551	Ngunit
549	kanilang
549	naman
538	Panginoon
526	walang
524	akin
519	mula
477	siya'y
471	ngunit
463	huwag
463	kanila
462	aking
459	iyon
456	araw
446	lamang
445	pamamagitan
426	ka
422	taong
400	isa
399	para
390	rin
362	kapatid
348	o
346	nga
335	Kaya't
333	iyong
333	nasa
329	tungkol
326	po
325	ninyong
324	kayong
323	alagad
319	pag
315	dapat
314	sinasabi
311	niyang
310	kong
309	sila'y
307	nito
305	bagay
301	ating
298	siyang
295	ba
294	maging
290	wala
289	loob
275	kasama
274	din
271	Ama
270	ako'y
268	alam
265	langit
263	ito'y
261	kami
259	Kautusan
258	buhay
254	Espiritu
247	ngayon
246	kundi
242	Judio
236	ayon
233	kaya't
232	pananampalataya
230	buong
229	namin
226	ano
226	ginawa
226	nakita
220	sarili
217	Pablo
213	kasalanan
213	tulad
204	kayo'y
204	silang
200	anghel
200	hanggang
199	tayo
197	Pedro
196	Sumagot
195	muling
193	iba
192	dumating
190	doon
190	iyo
186	nilang
185	kapag
184	Pagkatapos
182	akong
182	kapangyarihan
181	mabuti
179	lalaki
178	panahon
176	bayan
175	pang
175	pinuno
174	man
173	kahit
172	bahay
172	dito
169	Juan
169	natin
168	babae
167	bilang
167	ibig
165	lupa
164	habang
161	ilang
160	pangalan
160	salita
159	pari
157	bawat
153	roon
152	iyan
151	atin
150	Jerusalem
149	gayon
148	sinumang
146	pumunta
145	maraming
144	Jesu
144	Kaya
144	noon
143	mag
143	nag
143	nais
142	taga
141	propeta
138	mong
138	Subalit
137	aming
136	ikaw
134	alang
134	kaharian
133	ginagawa
131	asawa
130	di
130	makita
129	matuwid
129	sabi
128	ibang
127	muli
126	gawin
126	gayundin
125	iglesya
125	lungsod
125	Panginoong
124	katawan
123	Magandang
122	halip
121	Hentil
120	marami
120	parang
118	hari
118	kamatayan
118	laban
117	dalawang
117	kamay
117	lumapit
116	pagdating
116	tinanong
115	ibinigay
115	noong
114	higit
113	sabihin
112	narinig
112	patay
110	bahagi
110	kaysa
109	kalooban
109	tapat
107	naging
107	puso
106	kaya
105	Bakit
105	sanlibutan
105	tinapay
103	apostol
102	Balita
102	lalaking
101	paano
101	Santo
101	tayo'y
100	tubig
99	espiritu
99	naming
99	sumunod
98	darating
98	katotohanan
98	nating
98	Templo
97	alipin
97	ganito
96	kasulatan
96	utos
95	sasabihin
93	banal
93	kagandahang
93	Pariseo
92	ayaw
92	Moises
92	pumasok
91	harap
91	magiging
91	masama
91	sina
88	umalis
87	ama
87	anumang
87	gaya
86	bago
86	daigdig
86	tumayo
86	tunay
85	lingkod
85	namatay
85	sumasampalataya
84	amin
84	kaloob
83	agad
83	mas
82	Abraham
82	hinirang
81	babaing
81	gawa
81	krus
81	namang
81	Sino
81	tatlong
80	ina
80	Simon
79	nangyari
79	pagkatapos
79	pitong
77	demonyo
77	Galilea
77	kang
76	dugo
76	ganoon
76	katulad
76	malapit
75	buháy
75	ilan
75	kaming
75	punong
75	rito
75	sino
75	tanong
74	pagkain
74	saan
74	tagapagturo
73	lumabas
72	tinawag
72	tinig
71	apoy
71	oras
70	kilala
70	subalit
69	David
69	gumagawa
69	laman
69	Maria
69	Pilato
68	bakit
68	gumawa
68	malaman
68	mayroon
68	unang
67	binigyan
67	damit
67	handog
67	muna
67	ring
67	tayong
67	ulo
65	dinala
65	minamahal
64	bata
64	gagawin
64	hanggan
64	nasusulat
64	tinatawag
63	kumain
63	nawa
63	totoo
63	una
62	ba't
62	bulag
62	Israel
62	kabilang
62	kaluwalhatian
62	kawal
62	maaaring
62	malakas
62	sinagoga
61	kami'y
61	mata
61	pinakapunong
61	sumampalataya
60	apat
60	harapan
60	itong
60	marinig
59	lupain
59	nagpunta
59	ninuno
59	Pamamahinga
59	riyan
59	taon
58	bundok
58	kapayapaan
58	kapwa
58	nagsasalita
58	puno
58	takot
57	baka
56	ding
56	kailangang
56	lugar
56	nakikita
56	naroon
56	saksi
56	sana
56	sumusunod
56	Tandaan
55	bagong
55	bansa
55	dagat
55	Herodes
55	isinugo
55	malaking
55	nakakita
55	usap
54	ari
54	dalawa
54	iba't
54	lalo
54	magpakailanman
54	ninuman
53	ginto
53	liwanag
53	trono
53	tumanggap
52	kailangan
52	makinig
52	matapos
52	nakaupo
52	pati
51	karapat
51	karunungan
51	malinis
51	nagbibigay
51	nagsugo
51	ngayo'y
51	sagot
51	tinanggap
50	bangka
50	daan
50	Guro
50	isa't
50	Jose
50	mabuting
50	masamang
50	nagsalita
50	paanong
49	aklat
49	gabi
49	lagi
48	bang
48	Judas
48	nakatayo
48	pinili
48	salaping
47	iisa
47	isip
47	Judea
47	kasamaan
47	libingan
47	makikita
47	nakikinig
47	naparito
46	batong
46	habag
46	kaaway
46	kumakain
46	nama'y
46	paa
46	panahong
46	pangako
46	sariling
46	sinuman
45	halimaw
45	himala
45	makasalanan
45	nabubuhay
45	nalalaman
45	panginoon
45	Pinagpala
44	diyablo
44	lubos
44	mamamatay
44	mamatay
44	masasamang
44	nagsabi
44	nito'y
44	patuloy
44	uri
43	gusto
43	kapangyarihang
43	sumagot
43	Tingnan
43	tupa
42	alak
42	buhat
42	iisang
42	iniwan
42	mamuhay
42	napakaraming
41	bato
41	bibig
41	dahilan
41	kabuluhan
41	kaibigan
41	magsalita
41	maysakit
41	nananatili
41	paraan
41	tugon
41	umuwi
40	dakila
40	diyan
40	galing
40	ganap
40	ikatlong
40	matinding
40	nagtanong
40	pinagaling
40	pupunta
40	Santiago
40	tabi
40	talagang
39	asa
39	binuhay
39	hangin
39	ibibigay
39	ipinangako
39	ko'y
39	lalong
39	maaari
39	mabubuhay
39	pagsunod
39	patayin
38	iisip
38	iniutos
38	ingat
38	kagalakan
38	kaninuman
38	maliban
38	mangyayari
37	anuman
37	Bernabe
37	Emperador
37	Felipe
37	ilalim
37	itinuturo
37	kita
37	lawa
37	magkaroon
37	pagkakasala
37	salitang
37	wika
36	bigyan
36	bunga
36	buwis
36	diyus
36	gobernador
36	Israelita
36	labas
36	nagtuturo
36	pilak
36	Satanas
36	tinutukoy
36	tulong
35	bangkay
35	bukid
35	ilaw
35	ipinahayag
35	kadiliman
35	kalagayan
35	labis
35	lang
35	manatili
35	nagiging
35	nakasulat
35	nararapat
35	paggawa
35	pagiging
35	pakikipag
35	paningin
35	sinasapian
35	sumama
34	bibigyan
34	gawain
34	kahulugan
34	kanan
34	Kordero
34	magulang
34	manalangin
34	matakot
34	namumuhay
34	naniniwala
34	paglilingkod
34	pamumuhay
34	saka
33	budhi
33	diyosan
33	dumarating
33	hayop
33	kayang
33	pagkabuhay
33	pangangaral
33	sanggol
33	Saulo
33	sumigaw
33	tabak
33	tumatanggap
32	Amen
32	aral
32	dala
32	dating
32	Elias
32	katawang
32	kayamanan
32	labindalawang
32	lahi
32	mabubuting
32	mensahe
32	sambahayan
32	sulat
32	talinghaga
31	anong
31	bumalik
31	espirituwal
31	hirap
31	itinuring
31	kailan
31	malaya
31	nabuhay
31	pagnanasa
31	pagpapala
31	salapi
31	tumigil
30	bantay
30	bituin
30	dakilang
30	dalhin
30	dito'y
30	galit
30	gantimpala
30	ipinangaral
30	kaalaman
30	matatandang
30	nagsasabi
30	nilalang
30	nina
30	templo
29	balabal
29	buwan
29	dalang
29	doo'y
29	gumaling
29	hangga't
29	inilagay
29	ipinapangaral
29	Kataas
29	mahal
29	mananampalataya
29	naglilingkod
29	naniwala
29	Nazaret
29	papunta
29	pinto
29	sumakay
29	tama
29	tanggapin
29	tao'y
29	wakas
28	arian
28	batang
28	ganitong
28	halos
28	hangal
28	ibigay
28	mabuhay
28	mismo
28	nagbalik
28	nagkakasala
28	nagmula
28	nagpakita
28	natakot
28	pagkakataon
28	papuntang
28	patotoo
28	pinatay
28	sakit
28	sala
28	sapat
28	simula
28	tahanan
28	ubasan
27	Egipto
27	ganyan
27	gayong
27	handa
27	isda
27	kailanman
27	kaligtasan
27	kumuha
27	magnanakaw
27	mahalaga
27	mahigpit
27	mangyari
27	nauunawaan
27	nila'y
27	Timoteo
27	tipan
27	umakyat
26	barko
26	bumabâ
26	dukha
26	hatulan
26	iligtas
26	ipinanganak
26	kahalayan
26	Kapulungan
26	karangalan
26	karapatan
26	Labindalawa
26	layunin
26	limang
26	masasabi
26	nagkaroon
26	nagpatuloy
26	nanatili
26	natutulog
26	niyon
26	taasang
26	Tagapagligtas
26	talikuran
26	tumalikod
26	umiibig
25	bayang
25	ipinagkaloob
25	isinalaysay
25	Jacob
25	kapitan
25	karapatang
25	maliligtas
25	mundong
25	nakakaalam
25	naroroon
25	paghihirap
25	pagmamahal
25	pakinggan
25	paratang
25	pintuan
25	poot
25	Samantala
25	sanlibutang
25	tatanggap
24	batay
24	binhi
24	biyuda
24	bumangon
24	gawing
24	Gayunman
24	ipangaral
24	itinuro
24	kabutihan
24	kasamahan
24	kaunting
24	kunin
24	larawan
24	lihim
24	Macedonia
24	matagal
24	nabalitaan
24	naghihintay
24	nagkasala
24	nakakakita
24	nakarinig
24	nangangaral
24	pananalita
24	tingnan
23	alisin
23	biglang
23	binhing
23	dambana
23	espiritung
23	gitna
23	hahatulan
23	halaga
23	hawak
23	higaan
23	huling
23	ibayo
23	Kinabukasan
23	Lazaro
23	libong
23	lumakad
23	maniwala
23	masasama
23	nagbigay
23	nakiusap
23	naninirahan
23	nangaral
23	naririto
23	ninyo'y
23	ngayong
23	paglalakbay
23	pinag
23	sama
23	Silas
23	sumisigaw
23	taglay
23	tumingin
22	alay
22	aliping
22	Antioquia
22	ba'y
22	Griego
22	humatol
22	Isaias
22	isinulat
22	Judiong
22	kapintasan
22	lugod
22	maniningil
22	mangaral
22	mayaman
22	nagpatirapa
22	nilikha
22	pahayag
22	palagay
22	palatandaan
22	pananalig
22	parusa
22	piling
22	pinapunta
22	punongkahoy
22	sundin
22	Tagapagbautismo
22	takdang
22	tungkulin
21	Balitang
21	dako
21	damo
21	Efeso
21	Haring
21	himalang
21	hukom
21	hukuman
21	inaasahan
21	inihandog
21	ipinakita
21	kautusan
21	kina
21	lubusang
21	madaling
21	magagawa
21	magkakaroon
21	marunong
21	matatag
21	maunawaan
21	nagagalak
21	nalaglag
21	natagpuan
21	nayon
21	pastol
21	pinalaya
21	Romano
21	sanhi
21	Sumainyo
21	tuwing
21	wikang
20	alis
20	Asia
20	batas
20	beses
20	bumagsak
20	di'y
20	gaano
20	huwad
20	iniisip
20	ipahayag
20	ipako
20	ipinako
20	Isaac
20	isinama
20	kaagad
20	kalugud
20	kaya'y
20	maglingkod
20	malayo
20	mundo
20	nagpapatotoo
20	nakikilala
20	naupo
20	ngang
20	Pakatandaan
20	palayain
20	pangitain
20	pinatawad
20	propetang
20	sampung
20	sugo
20	tagasunod
20	trumpeta
20	tuli
20	tumutupad
20	ubas
19	bilanggo
19	bisa
19	buhok
19	dalaga
19	dati
19	ginawang
19	hinawakan
19	idinadalangin
19	igos
19	inihanda
19	ipinapahayag
19	kagustuhan
19	kalangitan
19	kapighatian
19	kaunti
19	kinaroroonan
19	laging
19	likhain
19	lipi
19	lumalapit
19	magpasalamat
19	magpatuloy
19	magsasaka
19	magsisi
19	mapagkunwari
19	mukha
19	nagsasabing
19	nakatira
19	nakikiusap
19	Namangha
19	nanalangin
19	nananalangin
19	Oo
19	pagsubok
19	pagtitiis
19	pandinig
19	papatayin
19	parusahan
19	Paskwa
19	sumasamba
19	tagaroon
19	tawagin
19	ulit
19	uminom
18	aayuno
18	ahas
18	babalik
18	bilangguan
18	Cesarea
18	guro
18	hilig
18	hiwaga
18	inanyayahan
18	ipinatawag
18	kabila
18	Kahabag
18	kakayahang
18	karamdaman
18	lakas
18	lubusan
18	mabalitaan
18	magbigay
18	magdala
18	maghari
18	marumi
18	matupad
18	mawalan
18	Minsan
18	nagmumula
18	nagpapasalamat
18	nagturo
18	natupad
18	niya'y
18	pa'y
18	pagkamatay
18	pagpunta
18	paparusahan
18	pasakop
18	Pista
18	sinusunod
18	subukin
18	sumamba
18	tainga
18	tiyak
18	trigo
18	tulungan
18	ulap
17	Alalahanin
17	apatnapung
17	asang
17	asno
17	balita
17	Capernaum
17	Damasco
17	Esteban
17	ginagamit
17	Ginoo
17	gintong
17	humihingi
17	humingi
17	ibabaw
17	ibinalita
17	ibon
17	iiwan
17	inutusan
17	ipanalangin
17	itinuturing
17	kababayan
17	kanang
17	kapayapaang
17	katuruan
17	Kinukumusta
17	lambat
17	lumayo
17	lumuhod
17	magkakapatid
17	mahina
17	makamtan
17	Makapangyarihan
17	makapasok
17	malaki
17	maliwanag
17	masaganang
17	minsan
17	nagkakatipon
17	naglalakad
17	nalaman
17	namamatay
17	nananalig
17	pabango
17	pagbabalik
17	paggalang
17	pagparito
17	pagsamba
17	paligid
17	panalangin
17	patatawarin
17	Purihin
17	sana'y
17	sinungaling
17	tumawag
17	umaasa
16	alalahanin
16	balat
16	bansang
16	buo
16	daang
16	Festo
16	gamitin
16	ganoong
16	gawaing
16	halimbawa
16	Hinding
16	inaakala
16	itaas
16	lansangan
16	lupaing
16	magpakatatag
16	makapangyarihang
16	malalaman
16	maligtas
16	mananatili
16	nagngangalang
16	nagpahayag
16	nagpuri
16	nakarating
16	Nawa'y
16	paghahari
16	pagkatao
16	pagsasalita
16	pala
16	pananampalatayang
16	panganay
16	pangangailangan
16	patawarin
16	pinagpala
16	pong
16	pumapasok
16	sanga
16	sumapit
16	tig
16	umupo
16	unawain
16	utang
16	Zacarias
15	Agripa
15	Akala
15	amo
15	anyo
15	angkan
15	babala
15	baboy
15	Cristo'y
15	diyos
15	dumaan
15	hapag
15	hapon
15	hinahanap
15	hinihintay
15	inilibing
15	inumin
15	itapon
15	itinakwil
15	Jordan
15	kainin
15	kakain
15	kamag
15	kanino
15	kapulungan
15	kasalo
15	kasuotan
15	Kinuha
15	kopa
15	labing
15	lahing
15	lino
15	lumitaw
15	maayos
15	magmahalan
15	maka
15	maniniwala
15	mangkok
15	matagpuan
15	mauuna
15	nagawa
15	naghahanap
15	naghahari
15	nakipag
15	namuhay
15	paanan
15	Paghuhukom
15	Pagkasabi
15	pagtatalo
15	pampaalsa
15	panig
15	Saduseo
15	sagana
15	salot
15	samantalang
15	sambahin
15	sinalubong
15	tagapamahala
15	tularan
15	uusig
14	Adan
14	Andres
14	dakpin
14	dragon
14	gulang
14	Hebreo
14	hiniling
14	humahatol
14	iba'y
14	ibinuhos
14	iginagalang
14	ilawan
14	iniibig
14	inilabas
14	iniligtas
14	ipakita
14	ipapatay
14	ipinagkatiwala
14	isipan
14	itinakda
14	kahinaan
14	kahirapan
14	kalungkutan
14	kasalanang
14	kinikilala
14	kukunin
14	magbibigay
14	magpatotoo
14	mahabang
14	mahihina
14	makakapasok
14	makakita
14	mamamayan
14	manggagawa
14	mapapahamak
14	Martha
14	mayroong
14	Melquisedec
14	nagnanais
14	nagpasalamat
14	nagsimulang
14	nakabilanggo
14	Narito
14	natitiyak
14	nga'y
14	Pagkaraan
14	pagtuturo
14	palasyo
14	pampaskwa
14	pangangalunya
14	pangyayaring
14	papuri
14	paralitiko
14	pumatay
14	pupuntahan
14	puri
14	Sikapin
14	sisidlang
14	sundalo
14	suwail
14	turuan
14	ugat
13	Bethania
13	binautismuhan
13	dayuhan
13	ganyang
13	ginamit
13	hangarin
13	hatol
13	ibinibigay
13	ikalawa
13	impiyerno
13	iniharap
13	inihayag
13	iniuutos
13	inuusig
13	ipagkakanulo
13	ipanganak
13	ipinapakita
13	isa'y
13	Juda
13	kaliwa
13	kaluluwa
13	kasinungalingan
13	katapatan
13	katapusan
13	katotohanang
13	katuwiran
13	kawan
13	kinalulugdan
13	kinuha
13	kumikilala
13	Levi
13	lumalakad
13	lumikha
13	magaling
13	Magdalena
13	magkakanulo
13	magkapatid
13	magsasalita
13	magtanong
13	magturo
13	mahinahon
13	Makalipas
13	makapangyarihan
13	makilala
13	maling
13	marangal
13	mo'y
13	naaayon
13	naganap
13	nagkatipon
13	nagliliyab
13	nakasakay
13	namangha
13	naririnig
13	natatakot
13	nawala
13	pagkaing
13	pagkakataong
13	pagkakilala
13	pagsuway
13	pakinabang
13	pamilya
13	pangalawang
13	pook
13	pundasyon
13	raw
13	Sidon
13	silid
13	sinikap
13	sinunod
13	sinunggaban
13	sumulat
13	susunod
13	tabing
13	talinghagang
13	tanging
13	tatanggapin
13	tatlo
13	Tiro
13	Tito
13	tumahimik
13	tumakas
13	tumawid
13	tuparin
13	turo
13	usok
13	utusan
12	aalis
12	aani
12	alinmang
12	amang
12	anim
12	Apolos
12	asawang
12	awit
12	Babilonia
12	Barabbas
12	bayad
12	bubuhayin
12	bukás
12	bumababa
12	Dakong
12	dami
12	Elizabeth
12	gagamitin
12	Halika
12	hangad
12	hati
12	hayaang
12	hinatulan
12	hininga
12	hingin
12	huli
12	iharap
12	ililigtas
12	inyo'y
12	ingatan
12	ipinagmamalaki
12	isipin
12	Isulat
12	iwan
12	Joppa
12	kamanggagawa
12	kasalukuyan
12	katarungan
12	katiwala
12	lagim
12	landas
12	langis
12	lilitaw
12	lubhang
12	lumang
12	magandang
12	mahihirap
12	makapagsalita
12	makarating
12	malibang
12	malugod
12	manok
12	mapayapa
12	mayayaman
12	nagmamahal
12	nagpapalayas
12	nagtatanim
12	nahayag
12	nakitang
12	napopoot
12	narito
12	nasabi
12	natutunan
12	naunawaan
12	ngipin
12	Olibo
12	paghatol
12	pagkapari
12	Pagkarinig
12	pagpapalang
12	pagpatay
12	pagtitipon
12	panauhin
12	paniwalaan
12	pangala'y
12	pangalang
12	pangkat
12	pasanin
12	pawang
12	Roma
12	saanman
12	sandalyas
12	silangan
12	Sinagot
12	talaga
12	tanda
12	tapang
12	telang
12	tinatanggap
12	tinuruan
12	Tomas
12	umulan
11	Acaya
11	akala
11	Ananias
11	barkong
11	binugbog
11	bukas
11	buto
11	Cornelio
11	dilim
11	dinakip
11	diwa
11	dumampot
11	galak
11	galang
11	hangang
11	hapunang
11	hinihiling
11	hubad
11	humarap
11	iingat
11	ikakaila
11	inihagis
11	insenso
11	inusig
11	ipinapakiusap
11	ipinapatay
11	isama
11	Iscariote
11	itinanim
11	itinapon
11	ituring
11	kababalaghan
11	kagalang
11	kahanga
11	kahoy
11	kaing
11	kaisa
11	kalagitnaan
11	kasalan
11	kasulatang
11	kasunod
11	katibayan
11	kaugalian
11	kitang
11	labag
11	likas
11	maganda
11	magkasala
11	magtatagumpay
11	magtiis
11	makakakita
11	makitang
11	maliit
11	manatiling
11	mang
11	masunod
11	mawawalan
11	mensaheng
11	minabuti
11	nagdudulot
11	nagpupuri
11	nagsisinungaling
11	nahulog
11	nakadamit
11	nakakarinig
11	nakikiapid
11	nakilala
11	nalungkot
11	namumuno
11	nangangailangan
11	nangyayari
11	Nasaan
11	nasaksihan
11	nitong
11	noo'y
11	Opo
11	paglilinis
11	palakasin
11	pampang
11	pangyayari
11	pasya
11	pinagbilhan
11	pinaghati
11	pista
11	pumili
11	pusong
11	puti
11	selyo
11	sinamba
11	sinisikap
11	Solomon
11	tagapagmana
11	taksil
11	tatawaging
11	tinipon
11	tumilaok
11	umaga
11	umiinom
11	Yamang
10	aasawa
10	Alin
10	asong
10	balitang
10	bumuhay
10	Cristiano
10	dibdib
10	dinadala
10	halamang
10	hukbo
10	Ibigin
10	ibinabâ
10	ihanda
10	ikabubuti
10	ikasampung
10	Ikumusta
10	Ilog
10	inialay
10	ipahahayag
10	ipamahagi
10	ipapakita
10	ipinasya
10	isinusulat
10	Jonas
10	kaanib
10	kabayaran
10	kahangalan
10	kalapati
10	kampon
10	kanila'y
10	kapakanan
10	kasakiman
10	kasiyahan
10	kasuklam
10	katunayan
10	Kinaumagahan
10	korona
10	kumalat
10	limanlibong
10	linisin
10	lumago
10	lumakas
10	lumpo
10	madalas
10	madla
10	magpabautismo
10	mahilig
10	maipagmamalaki
10	makakain
10	makakapunta
10	mali
10	maliliit
10	malinaw
10	masigasig
10	masunurin
10	matatalino
10	nagbubunga
10	nagdulot
10	naghahangad
10	naglakbay
10	naglalakbay
10	nagpapatuloy
10	nagpatotoo
10	nagtayo
10	nakakasilaw
10	nanirahan
10	nanggagaling
10	nanggaling
10	nilapitan
10	Nilapitan
10	nilinis
10	pader
10	Pagpasok
10	pagtulong
10	pananalangin
10	pareho
10	paring
10	Pariseong
10	patnubay
10	pera
10	perlas
10	pinagkalooban
10	pinakadakila
10	puspos
10	Samaritano
10	sanang
10	sangkatauhan
10	sinugo
10	suklam
10	sungay
10	tagapag
10	tinuli
10	tolda
10	totoong
10	tumubo
10	tumulong
10	tumuloy
10	umasa
10	Zebedeo
9	aakalang
9	aari
9	alituntunin
9	alon
9	away
9	bagama't
9	banga
9	bautismo
9	Bethlehem
9	binalak
9	biyudang
9	bukal
9	bulaklak
9	bumili
9	Caifas
9	Corinto
9	dadalhin
9	dalampasigan
9	dalawin
9	digmaan
9	dulo
9	Felix
9	gubat
9	Halikayo
9	hanapin
9	handaan
9	hinayaan
9	hukay
9	Humayo
9	ialay
9	iinom
9	ikakasal
9	ikalawang
9	ikatlo
9	inilalagay
9	ipagkaloob
9	ipatong
9	ipinamalita
9	ipinapagawa
9	isinilang
9	itinaas
9	itinanong
9	Iwasan
9	iyo'y
9	Jairo
9	kaaliwan
9	kabayong
9	kadakilaan
9	kahihiyan
9	kahiya
9	Kailanma'y
9	karamihan
9	kasabay
9	kaugnayan
9	kautusang
9	kumilala
9	lalagyan
9	libo
9	lilipas
9	lima
9	linggo
9	lumabis
9	lumalabas
9	ma'y
9	mabigat
9	magalak
9	Magalak
9	maganap
9	magdusa
9	maghanda
9	maghapon
9	magkaisa
9	magligtas
9	magmalaki
9	magpagaling
9	magsabi
9	mahabag
9	mahalin
9	mahusay
9	makakasama
9	makalaman
9	mamahaling
9	mananampalatayang
9	mapahamak
9	Marcos
9	marurunong
9	matibay
9	matitinik
9	nabuksan
9	nagdala
9	nagdaraan
9	nagmakaawa
9	nagtiis
9	nagtitinda
9	nakahanda
9	nakakahigit
9	nakikipag
9	namumunga
9	Noe
9	noo
9	opisyal
9	Pablo'y
9	pagalingin
9	pagkaraan
9	pagliligtas
9	pagpipigil
9	pagtupad
9	palayasin
9	palibhasa'y
9	palibot
9	palihim
9	patakbong
9	patungo
9	pilay
9	pinagsabihan
9	pinatuloy
9	pipi
9	propesiya
9	pumupunta
9	saklaw
9	Samaria
9	sandali
9	sandaling
9	sigaw
9	sinaway
9	Siria
9	Sodoma
9	sumagana
9	taggutom
9	talukbong
9	tatak
9	tauhan
9	Tesalonica
9	tinubos
9	tipunin
9	tulisan
9	tumakbo
9	tumatawag
9	tungkod
9	tuwa
9	umiiyak
9	upuan
9	usapan
8	aalala
8	aalas
8	aalinlangan
8	aaway
8	asin
8	aso
8	asupre
8	binabasa
8	binata
8	binibigyan
8	buhayin
8	butil
8	Cilicia
8	Creta
8	Cyprus
8	dali
8	dalisay
8	dalubhasa
8	daraanan
8	dila
8	dumulog
8	dungis
8	gabing
8	gagaling
8	gawang
8	gulo
8	gustong
8	hahatol
8	halaman
8	hayaan
8	Hayaan
8	hilingin
8	hinahatulan
8	humanap
8	Idalangin
8	igalang
8	Igalang
8	ikapitong
8	ilog
8	inakala
8	inilaan
8	inilihim
8	ipagmalaki
8	ipinabilanggo
8	ipinadala
8	isagawa
8	isuot
8	isusugo
8	itinalaga
8	ka't
8	kabanalan
8	kabayo
8	kabuluhang
8	kabutihang
8	kahabagan
8	kahuli
8	kakila
8	kalayawan
8	kambing
8	kanya'y
8	kapahamakan
8	kapatawaran
8	karatig
8	kasalukuyang
8	kasamaang
8	kilabot
8	kilalanin
8	kinaladkad
8	koronang
8	kulay
8	labanan
8	lalawigan
8	loloobin
8	luwalhatiin
8	magbayad
8	maghahari
8	magmumula
8	magpadala
8	magtatagal
8	mahayag
8	mahirap
8	maibigin
8	makakaya
8	makatarungan
8	makipag
8	malalakas
8	manalig
8	mananatiling
8	mangangalunya
8	mapagkakatiwalaan
8	mapanirang
8	masasabing
8	masaya
8	matigas
8	matulungan
8	matutupad
8	munang
8	nabasa
8	nabusog
8	Nagalit
8	nagdilim
8	naglagay
8	nagpabautismo
8	nagpagaling
8	nagpapahayag
8	nagsimula
8	nagtataglay
8	nagtitipon
8	nagugutom
8	nahikayat
8	nakagapos
8	nakakain
8	nakakaunawa
8	nakaratay
8	nananatiling
8	nanumpa
8	nangahas
8	napakalalim
8	napuno
8	nasisira
8	nauna
8	naunang
8	nauuhaw
8	nilalapastangan
8	paglapastangan
8	pagpapagal
8	pagsabihan
8	Pagsapit
8	pagtitiyaga
8	pagtutuli
8	pahirapan
8	paniniwala
8	panukat
8	pangunahing
8	papasok
8	papatay
8	papuntahin
8	parangalan
8	parusang
8	pasimula
8	patyo
8	pinagbilinan
8	pinaglilingkuran
8	pinakahamak
8	pinalayas
8	pinapahirapan
8	pinapatawad
8	pinggan
8	piraso
8	pito
8	po'y
8	pula
8	punô
8	puting
8	reklamo
8	relihiyon
8	sabihi'y
8	sakim
8	sanlibong
8	sasampalataya
8	Simeon
8	Sinundan
8	sugat
8	sulok
8	sumpain
8	Sumusulat
8	taglamig
8	tanso
8	tatlumpung
8	tumingala
8	ube
8	umaawit
8	umiyak
8	upuang
8	uupo
8	uusapan
7	aanihin
7	alaga
7	alikabok
7	balang
7	bangkang
7	Beelzebul
7	Bethsaida
7	bihag
7	bilin
7	Binuksan
7	buhatin
7	Bukod
7	Cirene
7	dakong
7	daliri
7	damdamin
7	dinaranas
7	Filipos
7	Galacia
7	gayo'y
7	gumagamit
7	gumamit
7	gutom
7	hahanapin
7	handang
7	harina
7	Herodias
7	himpapawid
7	hinahadlangan
7	hinahamak
7	hinahangad
7	hinamak
7	hinding
7	hinihingi
7	humiwalay
7	ibinilanggo
7	ikabubuhay
7	ilagay
7	inibig
7	ipagbili
7	ipinagbili
7	ipinagbilin
7	ipinangakong
7	ipunin
7	isinakdal
7	isinumpa
7	isinusugo
7	isulat
7	isusulat
7	itakwil
7	itanong
7	ituro
7	kagalakang
7	kailanma'y
7	kakaunti
7	kalayuan
7	kalikasan
7	kaluwalhatiang
7	kamalian
7	kani
7	kanluran
7	kapahingahan
7	kapahingahang
7	kapanahunan
7	kapighatiang
7	karit
7	kasabihang
7	kasunduan
7	katulong
7	kayamanang
7	kayo't
7	ketong
7	ketongin
7	kinakailangang
7	kinakain
7	kopang
7	kristal
7	kulog
7	leon
7	libingang
7	Listra
7	lumaganap
7	lumindol
7	lumubog
7	maaga
7	mababang
7	mabagabag
7	madali
7	magbantay
7	magkaanak
7	magmula
7	magngangalit
7	magpatawad
7	magpunta
7	magtrabaho
7	mahabagin
7	mahulog
7	maikling
7	maipakita
7	makabahagi
7	makabalik
7	makakaunawa
7	makapunta
7	makasama
7	makibahagi
7	makikilala
7	malalaking
7	maluwalhating
7	mamamayang
7	mananagot
7	mapagmataas
7	mapagpakumbaba
7	mapapahiya
7	maparangalan
7	maririnig
7	masa
7	masayang
7	mataas
7	matalino
7	matanda
7	Maupo
7	mauunawaan
7	maykapangyarihan
7	minarapat
7	naaalala
7	Naalala
7	nagbabantay
7	nagbabautismo
7	naghasik
7	naglingkod
7	nagsabing
7	nagsisi
7	nagtataka
7	nahahayag
7	nahuli
7	nakaraan
7	nakinig
7	namamahala
7	naniniwalang
7	nangangahulugang
7	nanggugulo
7	nanginginig
7	napuspos
7	natuyo
7	nauukol
7	nauuna
7	nawalan
7	nawang
7	nawasak
7	nilait
7	nililinis
7	ninunong
7	niyan
7	pagbati
7	pagbibigay
7	Pagkaalis
7	pagkabulok
7	pagkukunwari
7	pagpapalain
7	pagtanggap
7	pagtingin
7	pahalagahan
7	pahihirapan
7	pakikiapid
7	pakikiisa
7	palabas
7	palagi
7	palalayain
7	pamamahala
7	pamamaraan
7	panaginip
7	pananagutan
7	panatag
7	pangungusap
7	paraang
7	patunayan
7	pinahintulutan
7	pinaniwalaan
7	pinapakinggan
7	pumarito
7	putik
7	reyna
7	sabay
7	sabihing
7	sakay
7	salinlahing
7	salubungin
7	samahan
7	sasamba
7	sasapitin
7	saysay
7	sikapin
7	sinasamba
7	sisidlan
7	sumainyong
7	tagapaglingkod
7	tagapagtayo
7	taimtim
7	tamad
7	tamang
7	tanikala
7	tanyag
7	tinangka
7	Tiningnan
7	tinupad
7	tiyaga
7	tiyan
7	toldang
7	tunog
7	tuwid
7	ugong
7	unawa
7	watak
7	Zion
6	aalay
6	abot
6	Alejandro
6	alinlangan
6	alitan
6	aliw
6	ani
6	apatnapu't
6	Aquila
6	asal
6	Atenas
6	atubiling
6	ayuno
6	bagaman
6	bakal
6	balak
6	banalan
6	bayaran
6	baybayin
6	bigyang
6	Binabati
6	binalot
6	binati
6	binubuo
6	bulungan
6	bumaha
6	dalawampu't
6	dati'y
6	daw
6	dinadaya
6	dinalaw
6	dulot
6	dumalo
6	dumaraing
6	gagawa
6	gantimpalang
6	ginugulo
6	gusali
6	hahagupitin
6	hahantong
6	hamak
6	haring
6	himpilan
6	hinaharap
6	hiningi
6	Hinipan
6	hiwalayan
6	hukbong
6	hulihan
6	ibaba
6	Iconio
6	ihandog
6	iibigin
6	ikaanim
6	ikinagagalak
6	ikinasal
6	ilawang
6	inalis
6	init
6	inggit
6	ipagkakaloob
6	ipaliwanag
6	isasama
6	itatapon
6	itatayo
6	itinayo
6	itinutulak
6	ituturing
6	iwasan
6	Jerico
6	Kabanal
6	kaguluhan
6	kahahabagan
6	kaharap
6	kahariang
6	kaisipan
6	kakayahan
6	Kalagim
6	kalayaan
6	kaligtasang
6	kamalig
6	kamelyo
6	kapaki
6	karangyaan
6	karunungang
6	kasamang
6	kasangkapan
6	katakutan
6	katuparan
6	katuruang
6	kilometro
6	kinain
6	kinakalagan
6	kinapootan
6	kinikilalang
6	kinilala
6	kinutya
6	lalabas
6	Laodicea
6	lasenggo
6	liblib
6	luha
6	lumaki
6	lungga
6	lupang
6	maaasahan
6	mababangis
6	mabait
6	magaganap
6	magawâ
6	magbunga
6	magdanas
6	magkakamit
6	magpupuri
6	magpuri
6	magsasabi
6	magsasakang
6	magtatayo
6	mahahayag
6	mahikayat
6	maipahayag
6	maitutulad
6	makakamtan
6	makakatagpo
6	makasalanang
6	makasanlibutan
6	makatulong
6	makausap
6	makipagkasundo
6	malasakit
6	malubos
6	mamanahin
6	mananangis
6	mandaraya
6	mangangaral
6	manggagamot
6	mangingisda
6	mapapala
6	mapasuko
6	masagana
6	masiyahan
6	matabang
6	matandang
6	matatagpuan
6	matatapos
6	Mateo
6	matiyaga
6	matiyagang
6	matiyak
6	mawala
6	mawawala
6	mira
6	mustasa
6	na'y
6	nabilanggo
6	nagalak
6	nagbago
6	nagdadala
6	naghari
6	nagkaisa
6	nagkasakit
6	naglalaban
6	nagpapahalaga
6	nagpapatunay
6	nagsama
6	nagsasakdal
6	nagsigawan
6	nagsisigaw
6	nagsisikain
6	nagsisikap
6	nagtaka
6	Nagtaka
6	nagtanungan
6	nagtatrabaho
6	nagtitiis
6	nagtrabaho
6	nagtungo
6	Nahabag
6	naisin
6	nakalaan
6	nakapagsalita
6	nakapuno
6	nakasuot
6	nakaukit
6	naliligtas
6	nananabik
6	nangangalunya
6	napakahirap
6	napapahamak
6	nasaan
6	nasasakop
6	nasasakupan
6	Nathanael
6	nawa'y
6	nilagyan
6	nilalait
6	nilapastangan
6	nilikhang
6	pabigat
6	pagbabago
6	Pagbalik
6	pagdurusa
6	paghuhukom
6	pagitan
6	pagkainggit
6	pagkakabaha
6	pagkakaiba
6	Pagkakita
6	Pagkalipas
6	pagkaunawa
6	paglabag
6	pagmamalasakit
6	pagmasdan
6	pagpalain
6	pagsikapan
6	pagsisikap
6	pagsisisi
6	pakikipaglaban
6	pakikitungo
6	palengke
6	pamalo
6	pananabik
6	pandangal
6	pandaraya
6	panlabas
6	pantas
6	pantay
6	panulukan
6	panunumpa
6	pangalawa
6	pangangasiwa
6	panghawakan
6	pasasalamat
6	payo
6	pinabayaan
6	pinagmumulan
6	pinainom
6	pinalakas
6	pinalapit
6	pinapatay
6	pinapatnubayan
6	pinapawalang
6	pinatunayan
6	Pinatunayan
6	pinawalang
6	plano
6	Priscila
6	pulo
6	pulong
6	pumayag
6	puntahan
6	punung
6	putulin
6	puwing
6	Rabi
6	roong
6	salo
6	samang
6	sasaksi
6	sinabing
6	sinulat
6	sinulsulan
6	siyam
6	susi
6	tagapamagitan
6	tagapangasiwa
6	tahanang
6	tatangis
6	tawaging
6	tela
6	tigil
6	timog
6	tinutupad
6	tingin
6	Troas
6	tukso
6	tungkuling
6	tupang
6	ulan
6	umabot
6	una'y
6	usigin
6	uumapaw
6	uusap
6	wastong
6	yamang
5	aalisin
5	Aaron
5	aayos
5	Abel
5	akay
5	alahas
5	alakdan
5	alapaap
5	alas
5	alat
5	Alfeo
5	alin
5	anupa't
5	anyaya
5	anyong
5	angkla
5	angkop
5	Aristarco
5	Artemis
5	awa
5	baguhin
5	baha
5	bahaging
5	bahala
5	balutan
5	bandang
5	bangin
5	batuhan
5	batuhin
5	bautismuhan
5	bigla
5	binuhusan
5	bitag
5	bubungan
5	bumugso
5	buntot
5	butas
5	dagundong
5	dalawandaang
5	dayain
5	Derbe
5	dinaraanan
5	dinatnan
5	diyosang
5	dugong
5	dumaong
5	Enoc
5	gaanong
5	gatas
5	Gayunma'y
5	Ginang
5	gumagaling
5	gumalaw
5	gustung
5	guya
5	hadlang
5	hahamakin
5	hamakin
5	hangganan
5	hatian
5	hatinggabi
5	Heto
5	himno
5	hinalikan
5	hinipo
5	hiniwalayan
5	hiwalay
5	hiya
5	humayo
5	hustong
5	ibinilang
5	igagalang
5	iglesyang
5	ihayag
5	iinuman
5	iisandaan
5	ika'y
5	ikaluluwalhati
5	iniaalay
5	iniakyat
5	inihahandog
5	iniiwan
5	inuulit
5	ipadama
5	ipakilala
5	ipamalita
5	ipaubaya
5	ipinaalam
5	ipinagkakaloob
5	ipinahagupit
5	ipinailalim
5	ipinamalas
5	Ipinatong
5	isandaan
5	isandaang
5	isdang
5	isilang
5	isinara
5	itataas
5	itinatakda
5	itinatangi
5	itinutuwid
5	ituturo
5	Jason
5	kabataan
5	kabataang
5	kabuhayan
5	kabundukan
5	kahabag
5	kaibigang
5	kalaban
5	Kalagan
5	kalahating
5	kalakip
5	kaninong
5	kapitbahay
5	kasa
5	kaso
5	katas
5	katigasan
5	katitisuran
5	kaugaliang
5	Kawawa
5	kidlat
5	kinabukasa'y
5	kinabukasan
5	kinalaman
5	kinalugdan
5	kinapopootan
5	kinausap
5	kinikilingan
5	kinukutya
5	Korderong
5	kriminal
5	kukuha
5	kumikilos
5	kumita
5	kusang
5	labi
5	lagnat
5	lalapit
5	laylayan
5	Levita
5	likod
5	likuran
5	limampung
5	limos
5	litisin
5	loobin
5	lumalabag
5	lumapastangan
5	lumayas
5	lumihis
5	lumilipad
5	lumilitaw
5	Lumingon
5	maawa
5	mabahala
5	mabangong
5	mabibigat
5	mabubunyag
5	magagalak
5	magawa
5	magbalik
5	magbautismo
5	magdamag
5	magdaranas
5	magkamit
5	magliliwanag
5	magpaalam
5	magpahayag
5	magpakita
5	magpalaya
5	magpapanggap
5	magparusa
5	magsama
5	magsasama
5	magutom
5	mahahalagang
5	mahigit
5	maibibigay
5	maipapatay
5	maisagawa
5	maituturing
5	makain
5	makakagawa
5	makakaiwas
5	makapaglingkod
5	makikitang
5	makipagtalo
5	makisama
5	makuha
5	malalantad
5	malalim
5	malungkot
5	mamahalin
5	mananalangin
5	mangangalakal
5	manghang
5	mangmang
5	mapahiya
5	mapakinggan
5	mapapagaling
5	mapapawalang
5	mapatawad
5	mapupuno
5	Marahil
5	masabi
5	matino
5	matukso
5	matuto
5	matutulad
5	mawawasak
5	minahal
5	minana
5	mismong
5	mo't
5	naalala
5	nababatay
5	nabagabag
5	nabautismuhan
5	nagalit
5	nagdaan
5	nagdadalang
5	naghanda
5	nagkaila
5	naglayag
5	nagmamahalan
5	nagpadala
5	nagpapanggap
5	nagpaparumi
5	nagsikap
5	nagtagal
5	nagtagumpay
5	nagtalu
5	nagtuloy
5	nagutom
5	nahati
5	nahihirapan
5	nahirapan
5	nahuhulog
5	naisulat
5	naiwan
5	nakahiga
5	nakakagawa
5	nakakakilala
5	nakakalakad
5	nakaligtas
5	nakalulugod
5	nakamtan
5	nakapasok
5	nakikitang
5	nalalapit
5	naligaw
5	nalulungkot
5	namamalimos
5	nangyaring
5	napahamak
5	napakalaki
5	napalitan
5	napapaligiran
5	napatunayan
5	Naranasan
5	nararanasan
5	nariyan
5	nasiyahan
5	nasusunog
5	natanaw
5	natapos
5	Nicodemo
5	nilalaman
5	Nilibot
5	niluwalhati
5	ngalan
5	olibo
5	paalis
5	pabalik
5	pagbawalan
5	paggamit
5	Paghahanda
5	paghati
5	paghihimagsik
5	pagkabalisa
5	pagkabilanggo
5	Paglapit
5	paglingkuran
5	pagmamalaki
5	pagpapahayag
5	pagpapatotoo
5	pagsisihan
5	Pagsisihan
5	pakasal
5	pakpak
5	palaging
5	palatandaang
5	pamahalaan
5	Pamfilia
5	pampaalsang
5	pananamit
5	panlalait
5	panlangit
5	panlupa
5	pansin
5	panganib
5	papasukin
5	papurihan
5	paralisado
5	pararangalan
5	pare
5	patakbo
5	patunay
5	patungan
5	pawiin
5	pinabantayan
5	pinagkakaabalahan
5	pinagkatiwalaan
5	pinaglingkuran
5	pinagtibay
5	pinakiusapan
5	pinalabas
5	pinaniniwalaan
5	pinanggalingan
5	pinapahalagahan
5	pinapakain
5	pinapatotohanan
5	pinatayo
5	pinatotohanan
5	Pinaupo
5	pinauwi
5	pintuang
5	Pinuntahan
5	pinupuri
5	pinutol
5	pirasong
5	pisaan
5	pisikal
5	plauta
5	pumapatay
5	pundasyong
5	roo'y
5	sakop
5	Salamat
5	salu
5	Samakatuwid
5	sambahang
5	sangang
5	sangnilikha
5	sari
5	sinabihan
5	Sinai
5	sinapupunan
5	sinasakyan
5	sinenyasan
5	sinimulan
5	sinundan
5	sinuotan
5	sumpa
5	sunugan
5	susundin
5	susunugin
5	tagiliran
5	tagumpay
5	takal
5	talo
5	tandaan
5	tanungin
5	tapusin
5	Tarso
5	tatalikuran
5	templong
5	Templong
5	tila
5	tinubo
5	tinukso
5	Tiquico
5	tore
5	totoo'y
5	tres
5	tuliin
5	tuluyang
5	tumangis
5	tutuparin
5	Tuwang
5	udyok
5	ukulan
5	umaani
5	umibig
5	umimik
5	umuusig
5	unahan
5	usapin
5	utusang
5	uumaga
5	uusigin
5	walong
5	wasakin
5	yari
5	yumaman
5	yumuko
5	Zaqueo
4	aanimnapu
4	aanyayahan
4	abala
4	abo
4	alaala
4	alamat
4	Alejandria
4	Aleluia
4	alila
4	alpa
4	Anas
4	anihin
4	antok
4	Arimatea
4	ayos
4	babagsak
4	babangon
4	babatuhin
4	babautismuhan
4	babayaran
4	bahagya
4	balon
4	baog
4	Bartolome
4	basahin
4	bata'y
4	batiin
4	bawal
4	Benjamin
4	bibili
4	bihisan
4	binabalaan
4	binasbasan
4	binatang
4	binili
4	binti
4	binuhat
4	bingi
4	biyenan
4	Boaz
4	bubuhaying
4	bukirin
4	bukod
4	buksan
4	bumati
4	bumubuhay
4	bumubukal
4	Bungo
4	burol
4	Cana
4	dalagita
4	dalanginan
4	danasin
4	daranasin
4	debotong
4	dinamitan
4	dinanas
4	dinidisiplina
4	disiplina
4	dumalaw
4	dumanas
4	Egipcio
4	Espiritu'y
4	Fares
4	gagamit
4	Gaius
4	Gayunpaman
4	gilingang
4	ginagawang
4	ginapos
4	ginising
4	Gomorra
4	gumagapang
4	halagang
4	halamanan
4	hanga
4	hangaring
4	hapunan
4	hayagan
4	hinampas
4	hinanap
4	Hinanap
4	hinog
4	hinuli
4	hiyain
4	hiyang
4	hugasan
4	humahantong
4	humanga
4	ibigin
4	ibinukod
4	Idinugtong
4	igagawad
4	ihulog
4	iiyakan
4	ikaapat
4	ikakahiya
4	ikaliligtas
4	ikararangal
4	ilayo
4	imoralidad
4	impok
4	inaalala
4	inaalis
4	inaani
4	inakay
4	inihasik
4	inihatid
4	iniingatan
4	inililigaw
4	Iniunat
4	ipadala
4	ipagkanulo
4	ipagkatiwala
4	ipapako
4	ipapapatay
4	ipasundo
4	ipatupad
4	ipawalang
4	ipinagbabawal
4	ipinagtabuyan
4	ipinamahagi
4	ipinapasabi
4	ipinatong
4	isakdal
4	isanlibong
4	isasagot
4	isasakdal
4	isinisigaw
4	isinuot
4	Italia
4	itatakwil
4	itinatapon
4	Iunat
4	jasper
4	Jesse
4	kaawaan
4	kagagawan
4	kagamitan
4	kagandahan
4	kahirapang
4	kakaibang
4	kakainin
4	kakaunting
4	kalakasan
4	kalaki
4	kalarawan
4	kalawakan
4	kalilimutan
4	kalugdan
4	kalungkutang
4	kamandag
4	kamangha
4	Kambal
4	kapalit
4	kapantay
4	kaparusahan
4	kapistahan
4	kapuri
4	kaputian
4	karaniwang
4	karangalang
4	karwahe
4	katao
4	katatagan
4	katayuan
4	katumbas
4	kausap
4	kausapin
4	Kinagabihan
4	kinahabagan
4	kinakailangan
4	kinakasama
4	kinatawan
4	korderong
4	kumakatok
4	kumatok
4	kumikinang
4	kumot
4	kumulog
4	labindalawa
4	lakad
4	libu
4	Lida
4	lingid
4	lisanin
4	Lot
4	luluwalhatiin
4	lumalaban
4	lumalago
4	luminis
4	maamo
4	maasim
4	mabautismuhan
4	mabilis
4	mabuwal
4	madaig
4	magagandang
4	magagawang
4	Magbatian
4	maghandog
4	maghirap
4	magkakasama
4	magkakawatak
4	magkatipon
4	magkikita
4	magnakaw
4	magpalayas
4	magpaliwanag
4	magpapaliwanag
4	magpapatuloy
4	magpigil
4	magtalukbong
4	magtayo
4	magtuturo
4	magyabang
4	mahaba
4	mahahabang
4	mahawakan
4	mahuhuli
4	maihahambing
4	maiharap
4	mailigaw
4	maipagkanulo
4	maipagmalaki
4	maipangaral
4	maitaas
4	Makabayan
4	makakalapit
4	makapal
4	Makaraan
4	makarinig
4	makatarungang
4	makiapid
4	makikiapid
4	makikinig
4	malamig
4	malay
4	malayang
4	malimit
4	maluwalhati
4	mamahala
4	mamuno
4	manumbalik
4	mapagaling
4	mapanatag
4	mapansin
4	mapapalitan
4	maparusahan
4	mapatunayang
4	mapuno
4	mapuspos
4	marahas
4	mararanasan
4	maruruming
4	masahol
4	masasayang
4	masukat
4	matalas
4	matalim
4	matanggap
4	Matat
4	matinik
4	matitiyak
4	maubos
4	mauuhaw
4	maya
4	mayayabang
4	mesa
4	metro
4	multo
4	nababagabag
4	nababalitaan
4	nabubulok
4	nagaganap
4	nagbebenta
4	naghanap
4	naghandog
4	naghangad
4	naghintay
4	naghugas
4	nagkakaloob
4	nagkakaroon
4	naglakad
4	naglalagablab
4	naglalagay
4	nagliwanag
4	nagnanakaw
4	nagniningning
4	nagpalipas
4	nagpapabanal
4	nagpapalaya
4	nagpaparangal
4	nagpapasakop
4	nagpasasa
4	nagsinungaling
4	nagtanim
4	nagtatakwil
4	nagtatangi
4	nagtatayo
4	nagtipon
4	nagyayabang
4	nahabag
4	nahasik
4	nahúhulí
4	nakabalumbon
4	nakamamatay
4	Nakapagpapalayas
4	nakapagsasalita
4	nakapaligid
4	nakaraang
4	nakasama
4	nakatakip
4	nakatali
4	nakatatandang
4	nakatingin
4	nakaunawa
4	nakaupong
4	nakiapid
4	nakikinabang
4	nakipagkita
4	nakipagtalo
4	nalunod
4	namamalit
4	namunga
4	nanalig
4	nananampalataya
4	nanatiling
4	Nangangamba
4	nanganganak
4	nanguna
4	napagtagumpayan
4	napakalakas
4	napakinggan
4	Napansin
4	napangasawa
4	napapatay
4	naratnan
4	Naratnan
4	natagpas
4	natatago
4	natutupad
4	Natuwa
4	nawawala
4	nawawalan
4	nayanig
4	nilalabag
4	nililitis
4	nga't
4	Onesimo
4	paalalahanan
4	pababayaan
4	pabangong
4	pagagalingin
4	Pagbaba
4	pagbigyan
4	pagbubuksan
4	pagbutihin
4	pagdaan
4	paghahangad
4	pagka
4	pagkaalis
4	pagkakawanggawa
4	pagkalooban
4	pagkamangha
4	pagkasabi
4	pagkatawag
4	paglalakad
4	paglalasing
4	pagpapalakas
4	pagpapasalamat
4	pagpasok
4	pagsasanay
4	pagsasaya
4	pagtitiwala
4	pahintulot
4	pakainin
4	pakialam
4	pakikinig
4	palad
4	palalo
4	palang
4	pamamahalain
4	pamana
4	pamantayan
4	pamigkis
4	panawagan
4	paninirang
4	panlilinlang
4	panuluyan
4	panuntunan
4	pangatlo
4	parangal
4	pasalungat
4	patatagin
4	Pedro'y
4	pigilan
4	pilitin
4	pinagalitan
4	pinaghirapan
4	pinagtatalunan
4	pinagtitipunan
4	pinahintulutang
4	pinakain
4	pinakamababa
4	pinakamahalagang
4	pinakasalan
4	pinakinggan
4	pinakiusapang
4	pinapansin
4	pinasakay
4	pinatabang
4	pinauna
4	pinunasan
4	pitumpu't
4	pukyutan
4	pulot
4	pupurihin
4	puputulin
4	purihin
4	purong
4	puwang
4	sabik
4	sabsaban
4	sagutin
4	sakdal
4	saktan
4	salinlahi
4	sambahayang
4	sampu
4	sandata
4	sang
4	sapilitan
4	Sara
4	seremonya
4	Siloe
4	sinagot
4	sinakal
4	sinampal
4	sinasabing
4	sinimulang
4	Sinong
4	sinusunog
4	sisiyasatin
4	siyamnapu't
4	suguin
4	sukat
4	sumainyo
4	Sumaiyo
4	sumasalungat
4	sumasang
4	sumpang
4	sumusulat
4	sunugin
4	supling
4	tag
4	taglayin
4	tali
4	talim
4	tambo
4	tatamuhin
4	Tatanungin
4	tatlo't
4	taun
4	Tiatira
4	tigtatatlumpu
4	tiisin
4	tinaga
4	tindi
4	tinitiis
4	tinitipon
4	tinitirhan
4	Tinulungan
4	tinutuluyan
4	titigil
4	tradisyon
4	triguhan
4	tuloy
4	tumatalikod
4	tumibay
4	tumugon
4	Tumugon
4	tumulad
4	tuntuning
4	tuwang
4	ulat
4	ulunan
4	ulupong
4	umawit
4	Umawit
4	uod
4	uwi
4	yaman
3	abang
3	akayin
3	aksaya
3	alabastro
3	alala
3	alamin
3	aliwin
3	Alpha
3	altar
3	ama't
3	animnapung
3	ano'y
3	anu
3	anyayahan
3	apatnaraang
3	Arabia
3	Areopago
3	ayusin
3	bababâ
3	babaguhin
3	bagyo
3	bahaginan
3	bahalang
3	Balaam
3	balahibo
3	baluti
3	bangko
3	batalyon
3	Batalyon
3	batayan
3	batis
3	bautismong
3	bayarang
3	baywang
3	Berea
3	Bernice
3	Bethfage
3	binabalak
3	binabanggit
3	binabati
3	binabato
3	binatilyo
3	binigti
3	binubuhay
3	binuksan
3	binulag
3	binunot
3	birhen
3	bisperas
3	bitinan
3	bituing
3	biyenang
3	buhangin
3	bulwagan
3	bumabati
3	bumibili
3	bumukas
3	bumuti
3	bunganga
3	Cain
3	Claudio
3	Cristong
3	dadakpin
3	dagdagan
3	dahon
3	dalagang
3	dalangin
3	dalawa'y
3	dambanang
3	damuhan
3	dangal
3	dapit
3	daungan
3	Decapolis
3	Demas
3	Demetrio
3	demonyong
3	dininig
3	dinudugo
3	diringgin
3	ditong
3	Dorcas
3	dukitin
3	dumagsa
3	dumami
3	dumaragsa
3	dumaranas
3	Eli
3	Elimas
3	Epafras
3	Erasto
3	Esau
3	espiritu'y
3	espongha
3	Estefanas
3	Eva
3	Faraon
3	Fenicia
3	Frigia
3	gagantimpalaan
3	Galio
3	Gamaliel
3	gamit
3	Gampanan
3	gawan
3	gayunma'y
3	Genesaret
3	Geraseno
3	gilingan
3	ginoo
3	gisingin
3	Golgotha
3	gulay
3	gumaganap
3	gumanti
3	gumising
3	haba
3	hadlangan
3	hagupitin
3	haligi
3	Halika't
3	halimuyak
3	Halina
3	halong
3	hangarín
3	hatiin
3	hihigit
3	hihingi
3	hikayatin
3	hila
3	hinagupit
3	hinarap
3	hinayaang
3	hinila
3	hinubad
3	hinugasan
3	huhugasan
3	huliha'y
3	hulihang
3	humahamak
3	humahanap
3	humawak
3	humipo
3	humirang
3	ibababa
3	ibabalik
3	ibalita
3	ibinunga
3	ibubuhos
3	idalangin
3	idinulot
3	iginapos
3	iginawad
3	iginiit
3	iginulong
3	ihahayag
3	ihain
3	iinumin
3	iipon
3	iisipan
3	iiyak
3	ikahiya
3	ikalimang
3	ikawalong
3	ikinabubuhay
3	ikinahihiya
3	ikinahiya
3	ilaan
3	iligaw
3	imbakan
3	inaatupag
3	inagaw
3	inaksaya
3	inatasan
3	inihulog
3	Iniwasan
3	insekto
3	inuming
3	Inuubos
3	ingay
3	ipaalam
3	ipagbawal
3	ipagpag
3	ipahintulot
3	ipahiwatig
3	ipalagay
3	ipapangalan
3	ipatawag
3	ipinag
3	Ipinagapos
3	ipinagbibili
3	ipinagkanulo
3	ipinagpag
3	ipinagtataob
3	ipinagyayabang
3	ipinahid
3	Ipinahintulot
3	ipinakiusap
3	ipinakuha
3	ipinapahintulot
3	ipinapaliwanag
3	ipinapasan
3	ipinutong
3	isasagawa
3	isinawsaw
3	isisilang
3	italaga
3	itinago
3	itinatagubilin
3	itinatalaga
3	itinatanim
3	itiwalag
3	iukol
3	iutos
3	iyang
3	Jeremias
3	Josue
3	Judio'y
3	Justo
3	kababalaghang
3	kababayang
3	Kaban
3	kadakila
3	kagabi
3	kahalayang
3	kahihinatnan
3	kahilingan
3	kakulangan
3	kalahati
3	kalakasang
3	kalapastanganan
3	kalaswaan
3	kalawang
3	kaligayahan
3	kaliit
3	kaliwanagan
3	kaluguran
3	kamangmangan
3	kampo
3	kapaitan
3	kapakinabangan
3	kapiling
3	kapopootan
3	Kapopootan
3	karami
3	karayom
3	kargamento
3	karne
3	karumihan
3	kasal
3	kasi
3	kasing
3	kasukasuan
3	Katabi
3	kaukulang
3	kawawa
3	kikilalanin
3	kilalang
3	kinakalaban
3	kinakalat
3	kinakaligtaan
3	kinasusulatan
3	kinikita
3	kukupas
3	kukutyain
3	kulang
3	kulungan
3	kumidlat
3	kusa
3	lakasan
3	Lakasan
3	laki
3	lalakad
3	lalakaran
3	lalung
3	lasing
3	layo
3	leeg
3	libis
3	ligaw
3	liham
3	lilim
3	limanlibo
3	lindol
3	lipunan
3	Lisias
3	liwasang
3	lubid
3	Lucas
3	luluhod
3	luma
3	lumabag
3	lumait
3	lumalait
3	lumilikha
3	lumipas
3	lumipat
3	lumusong
3	lungkot
3	luray
3	maaagaw
3	maaalis
3	Maagang
3	maakit
3	maalis
3	mabagsakan
3	mabalisa
3	mabibili
3	mabigyan
3	mabubuti
3	mabuo
3	madagdagan
3	magagastos
3	magbabago
3	magbabalik
3	magbabalita
3	magbabautismo
3	magbihis
3	magbubunga
3	magbukas
3	magdadalamhati
3	magdidilim
3	maghahanda
3	maghasik
3	maghihintay
3	maghilamos
3	maghimagsik
3	magiliw
3	magkabila'y
3	magkabilang
3	magkagayon
3	magkagulo
3	magkakasala
3	magkalag
3	magkano
3	magkasama
3	magkasundo
3	maglakbay
3	maglalaho
3	magpakabanal
3	magpakatibay
3	magpapahayag
3	Magpapakita
3	magpapasalamat
3	magpapatunay
3	magpasuri
3	magpatuli
3	magsisi't
3	magsisimula
3	magsusugo
3	magtaka
3	magtiyaga
3	magugutom
3	mahalay
3	mahihikayat
3	mahihilig
3	mahiya
3	maibigan
3	maidadahilan
3	maihanda
3	maikakaila
3	mailagay
3	mailigtas
3	maililigtas
3	mainit
3	maipapapatay
3	maipaparatang
3	makaalis
3	makabayad
3	makagawa
3	makahikayat
3	makailang
3	makakabahagi
3	makakaligtas
3	makakapagligtas
3	makakapagpatotoo
3	makakapagsalita
3	makakarinig
3	makakitang
3	makalawa
3	makamundo
3	makapaghihiwalay
3	makapagpapalakas
3	makapagpigil
3	makapaniwala
3	makapiling
3	makaranas
3	makasarili
3	makatakas
3	makatingin
3	makialam
3	makipaghiwalay
3	makipagtalik
3	makipot
3	malamang
3	malampasan
3	malawak
3	maligaya
3	malinlang
3	Mamamahala
3	mamumuhay
3	mamunga
3	mana
3	manahimik
3	manakit
3	mananalig
3	maninirahan
3	maningning
3	manna
3	manugang
3	manganganak
3	mapabilang
3	mapapaalat
3	mapapabilang
3	mapapalayas
3	mapapangasawa
3	mapasaatin
3	mapatay
3	mapawalang
3	mapintasan
3	mapurol
3	marating
3	masaksihan
3	masarap
3	Masdan
3	masisira
3	masugid
3	matapang
3	matatakot
3	matatawag
3	Matatias
3	materyal
3	matitinag
3	matutuluyan
3	maupo
3	mauupo
3	mayamang
3	Melqui
3	Mesiyas
3	Mileto
3	minsa'y
3	mula't
3	muwang
3	nababalisa
3	nababalot
3	nababasa
3	nabalita
3	nabuwal
3	nagagalit
3	nagagawa
3	nagbabago
3	nagbabasa
3	nagbabayad
3	nagbautismo
3	nagdamit
3	nagdurusa
3	naghahandog
3	Nagharap
3	naghihinagpis
3	naghilamos
3	naghuhugas
3	nagkakadahon
3	nagkakagulo
3	nagkakaisa
3	nagkanulo
3	nagkawatak
3	naglakas
3	naglalabas
3	naglalasing
3	naglalayag
3	nagliligtas
3	nagmamadaling
3	nagmamataas
3	nagningning
3	Nagngitngit
3	nagpaalam
3	nagpahinga
3	nagpaiwan
3	nagpapabautismo
3	nagpapagaling
3	nagpapahirap
3	nagpapakahirap
3	nagpapasuso
3	nagpapawalang
3	nagpasabi
3	nagpasakop
3	nagpulong
3	nagsadya
3	nagsasagawa
3	nagsiga
3	nagsilang
3	nagsisimula
3	nagsisindi
3	nagsisisi
3	nagsisisigaw
3	nagtatagal
3	nagtatagumpay
3	nagtitiyaga
3	nagulo
3	naibigay
3	naihandog
3	nainggit
3	nakababatang
3	nakabalita
3	nakabitin
3	nakakabayo
3	nakakabuti
3	nakakapasok
3	nakakataas
3	nakakatulong
3	nakaluklok
3	nakaranas
3	nakasagot
3	nakasalalay
3	nakatakda
3	nakatanaw
3	nakatanggap
3	nakatulog
3	nakatuntong
3	nakatuon
3	nakikipagtalik
3	nakikisalo
3	nakipagpaliwanagan
3	nalagutan
3	naliligaw
3	nalilimutan
3	nalinlang
3	namamagitan
3	namamalayan
3	namaybay
3	Nanaog
3	nandaraya
3	naninira
3	nanlalait
3	nanunuluyan
3	nangako
3	nangangahas
3	nangangalaga
3	nanganganib
3	Nanggilalas
3	nanghihina
3	napakalaking
3	Napakaliit
3	napakasama
3	Napakasama
3	napakayaman
3	napapasunod
3	napatay
3	napipilitan
3	naranasan
3	nasabing
3	nasira
3	nasisiraan
3	natanggap
3	natatakpan
3	natatangi
3	natatanging
3	natatapos
3	natitira
3	natuklasan
3	natumba
3	natutuwa
3	Naubos
3	nayayanig
3	Neftali
3	nilibot
3	Niloob
3	ninanais
3	Nineve
3	ninyo't
3	nuwebe
3	Obed
3	Omega
3	paalipin
3	Paalisin
3	pabantayan
3	Pablong
3	pagano
3	pagbabayarin
3	pagbating
3	paghahanap
3	paghahanda
3	paghahandog
3	paghahasik
3	paghihiwalay
3	paghuhugas
3	Pagkabasa
3	pagkabata
3	pagkagaling
3	pagkahumaling
3	pagkakaisa
3	pagkakautang
3	pagkatakot
3	pagkukulang
3	paglakad
3	paglilibing
3	pagluha
3	pagmamahalan
3	pagnanasang
3	pagpapahalaga
3	pagpapahirap
3	pagpapakumbaba
3	pagpaparusa
3	pagpapasya
3	pagpapatawad
3	pagpapawalang
3	pagpupuri
3	pagsulat
3	pagtalikod
3	pagtatanggol
3	pagtitiisan
3	pagtutuwid
3	pagyayabang
3	pahirap
3	Pakaingatan
3	pakasalan
3	pakikibahagi
3	pakikisama
3	pakitang
3	pakitunguhan
3	pakiusap
3	palayok
3	pamahalaang
3	pamumuno
3	pamunuan
3	panaho'y
3	panalanging
3	panata
3	panatilihin
3	pansariling
3	panyo
3	pangakong
3	panganganak
3	pangatlong
3	pangitaing
3	pangkasalan
3	pangkukulam
3	pangunahin
3	papakinggan
3	papalapit
3	Papanaw
3	Paraiso
3	paralitikong
3	parehong
3	patalinghaga
3	patigasin
3	patunayang
3	paulit
3	pauwi
3	pawawalang
3	Pentecostes
3	Perga
3	pinaalis
3	pinagbabato
3	Pinagbawalan
3	pinagkaitan
3	Pinagmasdan
3	pinagmasdang
3	pinagmulan
3	pinagpapala
3	pinagpira
3	pinagsisikapan
3	pinagtawanan
3	pinagtiisan
3	pinaikli
3	pinakamahalaga
3	pinakamamahal
3	pinakananais
3	pinaligiran
3	pinansin
3	pinangakuan
3	pinangisay
3	pinapagtibay
3	pinaparangalan
3	pinaparatangan
3	pinaparusahan
3	pinapasok
3	pinapatunayan
3	pinapugutan
3	pinaratangan
3	pinatungan
3	pinaupahan
3	pinauwing
3	pinawi
3	pinayagan
3	pinunit
3	pinunong
3	pinuntahan
3	Pisidia
3	Poncio
3	Ponto
3	Portiko
3	propeta'y
3	puksain
3	pulang
3	pumanig
3	puso't
3	putol
3	Rahab
3	relihiyoso
3	rito'y
3	rumaragasang
3	sahod
3	sakali
3	sakaling
3	sako
3	salamat
3	salamin
3	saligan
3	Salmon
3	salungat
3	sambahan
3	Samuel
3	sanlinggo
3	Sardis
3	sarilinan
3	saring
3	sasabihing
3	sasakyang
3	sasama
3	sasambahin
3	sekta
3	sibat
3	sigawan
3	sikmura
3	silbi
3	sinalungat
3	sindami
3	sinlaki
3	sinlinaw
3	sinong
3	sinturon
3	sinu
3	sinumpa
3	sinusubok
3	sinusundan
3	sirain
3	sisirain
3	siya't
3	sobrang
3	sukatin
3	sulo
3	sumayaw
3	sumibol
3	sumumpa
3	sumuway
3	Suriin
3	taasan
3	Tabita
3	tagapagbilad
3	tagapanguna
3	tagapayo
3	tagubiling
3	taka
3	talaan
3	tanod
3	tansong
3	tanggapan
3	tanghali
3	tangkay
3	taóng
3	taos
3	tapos
3	tapyas
3	tasa
3	tatawagin
3	tawag
3	Tertulo
3	tibayan
3	Tiberias
3	timon
3	tinakpan
3	Tinalikuran
3	tinangisan
3	tiniis
3	tiningnan
3	tinta
3	tinuka
3	tinutukso
3	tinutulungan
3	tinuturuan
3	tinuya
3	tipon
3	tiwala
3	toro
3	Trofimo
3	tronong
3	troso
3	trosong
3	tugtugan
3	tuluy
3	tuluyan
3	tumanggi
3	tumangging
3	tumatangis
3	tumupad
3	tumutol
3	tumutubo
3	tumutulong
3	tuntunin
3	tungo
3	tutupok
3	ugali
3	ukol
3	uli
3	uling
3	umaakyat
3	umaalis
3	umani
3	umihip
3	umiiral
3	umunawa
3	upa
3	uugali
3	wasto
3	yelo
3	yungib
3	yuyurakan
3	Zebulun
3	Zeus
2	aakala
2	aakyat
2	aalaala
2	aalaga
2	aalagaan
2	aalalahanin
2	aalisan
2	aaliwin
2	aararo
2	aawit
2	abalahin
2	abalang
2	Abias
2	Adi
2	Admin
2	Agabo
2	agilang
2	agwat
2	akalain
2	akalaing
2	akit
2	aksayahan
2	Alagaan
2	alinman
2	alinsunod
2	alituntuning
2	ambagan
2	Aminadab
2	Amos
2	anihan
2	animnapu't
2	anino
2	Ano'ng
2	aralin
2	Arquipo
2	Asher
2	asikaso
2	Asos
2	awang
2	awiting
2	ayunan
2	babanggitin
2	bakuran
2	balewala
2	balong
2	baluktot
2	Bar
2	Barsabas
2	baso
2	basong
2	bati
2	bawiin
2	bibigat
2	bigo
2	bilanggong
2	bilangin
2	bilhin
2	binabasbasan
2	Binabautismuhan
2	binakbak
2	binalaan
2	binali
2	binantayan
2	binasâ
2	binatilyong
2	binayaran
2	binayo
2	binibihag
2	bisiro
2	Bitinia
2	bubuhay
2	bubusalan
2	buhanginan
2	bulubundukin
2	bumabalik
2	bumaling
2	bumubula
2	bumubuo
2	Bumunot
2	bunso
2	buwitre
2	Canaan
2	Capadocia
2	Cencrea
2	Cleopas
2	Corazin
2	Crispo
2	dadaanan
2	dadakilain
2	daigin
2	dalahin
2	dalamhati
2	dalawampung
2	dalawandaan
2	daling
2	damuhang
2	Daranas
2	dasal
2	dawag
2	dayami
2	dayuhang
2	digmain
2	dinaanan
2	dinadamitan
2	dinayo
2	diyosa
2	dose
2	dudulog
2	duduraan
2	dukhang
2	dumagundong
2	dumakip
2	dumapo
2	dumaraan
2	dumi
2	dumidilim
2	dumirinig
2	dumura
2	durog
2	Egipciong
2	Eloi
2	Eneas
2	Epafrodito
2	epilepsya
2	Er
2	Esli
2	esmeralda
2	Esmirna
2	Espanya
2	espiya
2	Esrom
2	Etiopia
2	Eufrates
2	Eutico
2	Filadelfia
2	gabi'y
2	Gabriel
2	gagamiting
2	gagapusin
2	gala
2	galitin
2	gantihan
2	gapusin
2	Getsemani
2	gigiba
2	gilid
2	ginawan
2	giniba
2	ginunaw
2	gising
2	gugulin
2	gulung
2	gumagabi
2	gumayak
2	gumigiik
2	gumuguhit
2	gurong
2	gusaling
2	habas
2	Hagar
2	hahalikan
2	haharap
2	hahayaang
2	halimbawang
2	hanapbuhay
2	hangganang
2	Haran
2	hatid
2	hayagang
2	Hayan
2	Helenista
2	helmet
2	Hermes
2	hihiling
2	hihingin
2	hilaga
2	hilinging
2	Himeneo
2	hinaluan
2	hinandugan
2	hinangad
2	hinati
2	Hinati
2	hintayin
2	hinubaran
2	hinuhugasan
2	hingan
2	hipan
2	hisopo
2	hiwagang
2	hudyat
2	Hulaan
2	humahadlang
2	humamak
2	humanda
2	humantong
2	humihina
2	humukay
2	humuli
2	iaahon
2	Ibabagsak
2	Ibalik
2	ibinababâ
2	ibinangon
2	ibinayad
2	ibinibilang
2	ibinubuhos
2	ibinubunga
2	ibinubungang
2	ibuhos
2	Ibukod
2	idaragdag
2	idinagdag
2	Idinagdag
2	idinalangin
2	idinudumi
2	idinugtong
2	igalaw
2	iginagatong
2	iguguho
2	ihagis
2	ihahambing
2	ihahanda
2	ihambing
2	ihihiwalay
2	ihip
2	iinggitan
2	ikagagalak
2	ikaila
2	ikalalakas
2	ikapagpapatawad
2	ikapapahamak
2	ikatutubos
2	ikawalo
2	ikinagagalit
2	ikinaila
2	ikinulong
2	ilabas
2	ilarawan
2	ililigaw
2	iling
2	inaabangan
2	inaanyayahan
2	inaapi
2	Inaawit
2	inabot
2	inahin
2	inalok
2	inantok
2	inanyayahang
2	inapi
2	inasikaso
2	iniabot
2	inihahagis
2	inihahain
2	inihalo
2	inihiwalay
2	inilahad
2	inilapit
2	inilatag
2	inilipat
2	Iniluwa
2	ininom
2	iningatan
2	iniwanan
2	inom
2	inuman
2	Inuutusan
2	inggitan
2	inggitin
2	ipa
2	ipabilanggo
2	ipagbabawal
2	ipagbigay
2	ipagdiwang
2	ipaghahanda
2	ipaghanda
2	Ipaghanda
2	ipagkait
2	ipagkasundo
2	ipagtanggol
2	ipagtatanggol
2	ipahagupit
2	ipahamak
2	ipahihintulot
2	ipailalim
2	ipamigay
2	Ipapahayag
2	ipapailalim
2	ipapaunawa
2	ipinabalik
2	ipinagapos
2	ipinaghanda
2	ipinagkakatiwala
2	ipinagtatabuyan
2	ipinagtatanggol
2	ipinakong
2	ipinaliwanag
2	ipinamamalita
2	ipinanalangin
2	ipinangangaral
2	ipinapaalala
2	ipinapako
2	ipinapantay
2	Ipinapangako
2	ipinapasok
2	Ipinapatanong
2	ipinapayo
2	ipinasabi
2	ipinasakop
2	ipinasipsip
2	ipinasundo
2	ipinatawad
2	ipinaubaya
2	ipinaunawa
2	ipinikit
2	ipon
2	isaisip
2	isalaysay
2	isapin
2	isara
2	isinagot
2	isinakay
2	isinasagawa
2	isinasama
2	isinauli
2	isipang
2	isiping
2	isla
2	isugo
2	itago
2	Itatanim
2	itatatag
2	itim
2	itinagubilin
2	itinakdang
2	itinataas
2	itinataboy
2	itinatag
2	itinatayo
2	itiniwalag
2	Jambres
2	Janes
2	Jeconias
2	Jezebel
2	Joanan
2	Josec
2	Juana
2	Judaismo
2	Julio
2	kaabalahan
2	kaalamang
2	kaanyuan
2	kaarawan
2	kababaang
2	kababaihan
2	kabang
2	kagawad
2	kagaya
2	kagipitan
2	kahalagahan
2	kahapon
2	kahati
2	kahinahunan
2	kaibuturan
2	kaila
2	kailaliman
2	kaitaasan
2	kakampi
2	kakatayin
2	kakilala
2	kalagayang
2	kalagim
2	kalaking
2	kalan
2	kalaro
2	kalayaang
2	kalaykay
2	kaligtaan
2	kalikuan
2	kalinisan
2	kamatayang
2	kampi
2	kamtan
2	kapakumbabaan
2	kapamahalaan
2	kapansanan
2	kaparaanan
2	kapasyahan
2	kapasyahang
2	kapitang
2	kapusin
2	kapuspusan
2	karaming
2	karanasan
2	kasagana
2	kasaganaan
2	kasama'y
2	kasambahay
2	kasapi
2	kasintahan
2	kasinungalingang
2	kasiraang
2	kasunduang
2	kasuotang
2	katabi
2	kataka
2	katanggap
2	katanghaliang
2	katangian
2	katangiang
2	katha
2	kathang
2	katiyakan
2	katok
2	katusuhan
2	katuturan
2	kaugnay
2	Kenan
2	kerubin
2	kikilalaning
2	kilalaning
2	kilusan
2	Kinagabiha'y
2	kinailangan
2	kinailangang
2	kinakalimutan
2	kinakausap
2	Kinakausap
2	kinalalagyan
2	kinasangkapan
2	kinatatayuan
2	kinauupuan
2	kinukuha
2	kinulang
2	kirot
2	kornalina
2	kumakalaban
2	kumislap
2	kumukupas
2	kumulang
2	kunwari'y
2	kupkupin
2	kutyain
2	kuwenta
2	labasan
2	lagyan
2	laitin
2	lalabanan
2	lalaki't
2	lalampas
2	lalawak
2	lalawigang
2	lalayuan
2	lalim
2	lampin
2	lantad
2	laot
2	lapastangan
2	lapitan
2	Latin
2	layag
2	layuan
2	Layuan
2	layuning
2	lema
2	Licaonia
2	ligtas
2	liit
2	likha
2	lilipulin
2	limampu
2	linlangin
2	lingon
2	lipulin
2	listahan
2	lito
2	litung
2	liwayway
2	Lubha
2	Lucio
2	luhuran
2	lumala
2	lumalaganap
2	lumalapastangan
2	lumalayo
2	lumilinis
2	lumilipas
2	lumuluhang
2	luwang
2	Lydia
2	maaasahang
2	maakay
2	maalab
2	maalagaan
2	maalipin
2	maangkin
2	mababa
2	mababago
2	mababahala
2	mababatak
2	mababaw
2	mabalitaang
2	mabanggit
2	mabasa
2	mabatong
2	mabibigyan
2	mabibigyang
2	mabigyang
2	mabihag
2	mabihisan
2	mabilang
2	mabisa
2	mabubuhos
2	mabubulok
2	mabuklod
2	mabusog
2	madaanan
2	madakip
2	madamay
2	madaya
2	madayang
2	madilim
2	Madilim
2	magaan
2	magagaling
2	magagalitin
2	magamit
2	magara
2	magarang
2	magbibihis
2	magdaan
2	magdiwang
2	magdudulot
2	maghahatinggabi
2	maghanap
2	maghangad
2	maghapong
2	maghapunan
2	magharap
2	maghintay
2	Maghintay
2	magiting
2	magkagayo'y
2	magkaibigan
2	magkakaanak
2	magkakadurug
2	magkakaiba
2	magkakaluray
2	magkapares
2	magkapatong
2	magkasamang
2	magkunwaring
2	Maglalaban
2	maglalakbay
2	maglalasing
2	magliligtas
2	magmukhang
2	magpagupit
2	magpahanggang
2	magpahinga
2	magpainit
2	magpalabunutan
2	magpalipas
2	magpapakilala
2	magpapalaya
2	magpapalayok
2	magpapatotoo
2	magpasakop
2	magpatala
2	magpatihulog
2	magpaumanhin
2	magreklamo
2	magsakdal
2	magsasabing
2	magsaya
2	Magsaya
2	magsiping
2	magsisiyasat
2	magtagal
2	magtatanghaling
2	magtitiis
2	magtiwala
2	magtungo
2	magugulo
2	magulong
2	magustuhan
2	mahahaba
2	mahahalay
2	mahalagang
2	maharlika
2	maharlikang
2	mahinang
2	mahuhulog
2	mahuhusay
2	maibigay
2	mailapit
2	mailayo
2	maililigaw
2	maililihim
2	mainitan
2	maingat
2	mainggit
2	maipadakip
2	maipako
2	maipapakita
2	maiparatang
2	maipit
2	maisulat
2	maitalaga
2	maituring
2	maitutulong
2	maiwasan
2	makaalam
2	makabalita
2	makabigat
2	makabili
2	makahawak
2	makakaalam
2	Makakaalis
2	makakalaban
2	makakalabas
2	makakalikha
2	makakapag
2	makakapagdulot
2	makakapagharap
2	makakapagpatawad
2	makakapagpatibay
2	makakapagsabi
2	makakapiling
2	makakasunod
2	makakatagal
2	makalangit
2	makalapit
2	makaligtas
2	makalupa
2	makamundong
2	makapag
2	makapagpaliwanag
2	makapangaral
2	makaraan
2	makasalo
2	makasariling
2	makatanggap
2	makatiis
2	makatuwiran
2	makatuwirang
2	makaunawa
2	makihati
2	makikipag
2	makikisama
2	Makipagsaya
2	makisalo
2	Makituloy
2	malabo
2	malalaglag
2	malalapit
2	malayong
2	maliitin
2	malubhang
2	malupig
2	malusog
2	maluwag
2	mamagitan
2	mamumuno
2	mamumunga
2	managana
2	Manases
2	mandaragat
2	manirahan
2	manlilinlang
2	manunugtog
2	manunumpa
2	mangalunya
2	manganak
2	mangangahas
2	manganganib
2	mangasiwa
2	manggagawang
2	manghina
2	mangingibabaw
2	mangkukulam
2	mangyaring
2	mapagbigay
2	mapagbigyan
2	mapagpahingahan
2	mapagpalang
2	mapagpapahingahan
2	mapagpigil
2	mapagtimpi
2	mapait
2	mapalayas
2	mapanlinlang
2	mapapakinabangan
2	mapaparangalan
2	maparatangan
2	maparusahang
2	mapasailalim
2	mapasainyo
2	mapayapang
2	mapigil
2	mapunta
2	mapunuan
2	mapupunta
2	mapuri
2	maranasan
2	marapat
2	maratnan
2	Maria'y
2	marurumi
2	masaktan
2	masama'y
2	masasalubong
2	masdan
2	masikap
2	masilo
2	masipag
2	masira
2	masiraan
2	masunog
2	mata'y
2	Matakaw
2	matakpan
2	matalinong
2	matang
2	matanglawan
2	mataong
2	matapat
2	Matatagalan
2	matatalinong
2	matatamis
2	matatanggap
2	matatapon
2	Matias
2	matiis
2	matiisin
2	matitira
2	matitirang
2	matitirhan
2	matitisod
2	matulad
2	matulungin
2	matutunan
2	matutuwa
2	mauna
2	maunang
2	mawasak
2	mayabang
2	mayayanig
2	maysala
2	Melea
2	Mesopotamia
2	Miguel
2	milya
2	milyon
2	milyun
2	minsang
2	Misia
2	Mnason
2	mumong
2	muntik
2	naaalis
2	naaaliw
2	naalis
2	Naason
2	Naawa
2	nababaliw
2	Nababaliw
2	nababalutan
2	nababayaran
2	nabagbag
2	nabibingit
2	nabigo
2	Nabigo
2	nadagdagan
2	nadaig
2	nadaramtan
2	nadaya
2	nagbabalita
2	nagbalak
2	nagbalita
2	nagbaon
2	nagbubuklod
2	nagbukas
2	nagbulung
2	Nagbulung
2	nagdaramit
2	nagdatingan
2	Nagdatingan
2	nagdidilig
2	naghihingalo
2	naghihirap
2	naghihiwalay
2	naghuhulog
2	naghulog
2	nagkabaha
2	nagkahiwa
2	nagkakalat
2	nagkakamali
2	nagkakamit
2	nagkalat
2	nagkamit
2	nagkasundo
2	Nagkataong
2	nagkatugma
2	nagkukunwari
2	naglaban
2	naglabas
2	Naglaho
2	naglahong
2	naglatag
2	naglihi
2	nagliliwanag
2	Nagliliwanag
2	nagmadaling
2	nagmamalasakit
2	nagmamarunong
2	nagnanasang
2	nagpagal
2	nagpahuli
2	nagpailalim
2	nagpakilala
2	nagpakumbaba
2	Nagpalabunutan
2	nagpalayas
2	nagpapabaya
2	nagpapainit
2	nagpapakababa
2	nagpapakilalang
2	nagpapakita
2	nagpapakitang
2	nagpapakumbaba
2	nagpapaliwanag
2	nagpapatibay
2	nagpapatirapa
2	nagpatibay
2	nagpatuli
2	nagpuntahan
2	Nagsalaysay
2	nagsisi't
2	nagsisiinom
2	nagsisilbing
2	nagsisipag
2	nagsumbong
2	nagsuot
2	Nagtago
2	nagtakda
2	nagtalaga
2	nagtatagpi
2	nagtatanong
2	nagtutulak
2	nagwawagi
2	nahatulan
2	nahihiya
2	Nahor
2	naibalik
2	naigulong
2	naiinggit
2	nakaakit
2	nakaalis
2	nakaaliw
2	nakaamba
2	nakabalik
2	nakabatay
2	Nakabili
2	nakabukas
2	nakadulog
2	nakagawa
2	nakahawak
2	nakahuli
2	nakakalapit
2	nakakalipas
2	nakakasaliksik
2	nakakasira
2	Nakakatiyak
2	nakakilala
2	nakalagay
2	nakalamang
2	Nakalimutan
2	nakapag
2	nakapagdamit
2	nakapakinig
2	nakaramdam
2	nakararami
2	nakasaksi
2	nakatago
2	nakatagong
2	nakatakas
2	nakatala
2	nakatalaga
2	nakatatanda
2	nakatawid
2	nakikipaglaban
2	nakikipagtalo
2	nakikipamayan
2	Nakipagpulong
2	nakisabay
2	nakisalo
2	nalagot
2	nalalabi
2	nalalabing
2	nalalaglag
2	nalalamang
2	nalalanta
2	nalalantad
2	nalalayo
2	naligtas
2	Naligtas
2	nalikha
2	nalilihim
2	nalubos
2	nalulong
2	naluluma
2	namimili
2	namumuhi
2	nanabik
2	nananangis
2	nanangis
2	nanawagan
2	nandito
2	naninirang
2	Nanlumo
2	nanonood
2	nangangailangang
2	Nanginig
2	Napag
2	napaglilibingan
2	napakadakila
2	napakahalagang
2	Napakahusay
2	napakamahal
2	Napakarami
2	napakasagana
2	napakataas
2	napansin
2	Napapaalsa
2	napatahimik
2	napatawad
2	napatunayang
2	napawalang
2	napili
2	napinsala
2	napunit
2	naramdaman
2	Naramdaman
2	naranasang
2	nardo
2	naririyan
2	nasaktan
2	nasalubong
2	Nasalubong
2	nasamsam
2	nasasaksihan
2	nasasaktan
2	nasasakyan
2	Nasindak
2	nasusunod
2	natamo
2	natatanaw
2	natatandaan
2	natatanggap
2	Natigilan
2	natirang
2	Natisod
2	natitisod
2	natiyak
2	naturang
2	naturingang
2	natuwa
2	nauhaw
2	naunahan
2	nauubos
2	nauuwi
2	nawawalang
2	nayong
2	Nazareno
2	negosyante
2	Neri
2	Nicolaita
2	nilalagnat
2	Nilingon
2	nilitis
2	niloob
2	niluhud
2	ningning
2	niyakap
2	olibong
2	Onesiforo
2	oo
2	paalisin
2	paang
2	pababayaang
2	pabagu
2	pabayaan
2	Pabayaan
2	pabulaanan
2	padaya
2	Pafos
2	pagagalitan
2	pagbaba
2	pagbabatuhin
2	pagbalik
2	pagbuhay
2	pagdadalang
2	pagdami
2	pagdurugo
2	paghahayag
2	paghihiganti
2	paghihintay
2	paghihintayin
2	paghiwalayin
2	Pagkaahon
2	pagkaalipin
2	pagkabihag
2	Pagkakain
2	pagkakalooban
2	pagkakampi
2	pagkalinga
2	pagkamasunurin
2	pagkarinig
2	pagkasunduin
2	Pagkatanggap
2	pagkatisod
2	pagkilala
2	pagkilos
2	Paglabas
2	paglikha
2	paglilingkuran
2	pagmamataas
2	pagnanakaw
2	pagnasaan
2	pagod
2	pagpanaw
2	pagpapalaganap
2	pagpapalaya
2	pagpapatong
2	pagpapatuloy
2	pagpapatunay
2	pagpaslang
2	pagpupuyat
2	pagsampalataya
2	pagsapit
2	pagsaway
2	pagsigaw
2	pagsikapang
2	pagsilang
2	pagsisiyasat
2	pagtakbo
2	pagtatapos
2	pagtiyagaan
2	pagtunog
2	pahiran
2	pakay
2	pakikipagdigma
2	pakikipagtalo
2	pakundangan
2	pakunwari
2	pakutyang
2	pala'y
2	palabunutan
2	palakol
2	palala
2	palalakasin
2	paligsahan
2	paliwanag
2	pamamahagi
2	pamatok
2	pambihirang
2	pamilihan
2	pampito
2	panaghoy
2	panakip
2	panaling
2	pananagutang
2	pananagutin
2	pananakit
2	pananalitang
2	panandalian
2	panandaliang
2	panangga
2	panatilihing
2	panay
2	panday
2	pandigma
2	panibago
2	panibagong
2	panimulang
2	paninda
2	paniniwalaan
2	pansamantalang
2	panukalang
2	panumbalikin
2	Pangalagaan
2	pangangatuwiran
2	pangaralan
2	panghihinaan
2	pangkaraniwang
2	papaalis
2	papahirin
2	papalitan
2	paparito
2	Paparito
2	papasukan
2	papatnubayan
2	papupurihan
2	papuputukin
2	paraa'y
2	parami
2	paratangan
2	pasaganain
2	pasan
2	pasaning
2	pasiglahin
2	pasimula'y
2	pasimuno
2	pastulan
2	pasukin
2	pasukuin
2	patag
2	patakaran
2	patalinghagang
2	patawag
2	pataying
2	patibayin
2	Patnubayan
2	patotoong
2	patpat
2	patuli
2	patuluyin
2	Patutunayan
2	paupuin
2	Paupuin
2	payapa
2	Peleg
2	Pergamo
2	personal
2	pigsa
2	pilit
2	Pilit
2	piliting
2	pinababayaan
2	pinadalhan
2	pinagbabautismuhan
2	pinagbabawalan
2	pinagduduraan
2	pinagkakakitaan
2	pinagkakalooban
2	Pinagkasunduan
2	pinaglagyan
2	pinagpakuan
2	pinagsama
2	pinagsisihan
2	pinagsusuntok
2	pinakaaba
2	pinakaabang
2	pinakamaliit
2	pinakamasama
2	pinakamataas
2	pinakintab
2	pinalalaganap
2	pinalitan
2	pinangalanan
2	pinangaralan
2	pinanggagalingan
2	pinapalo
2	pinapatibay
2	pinapayagan
2	pinaputi
2	Pinarusahan
2	Pinasagana
2	pinasigla
2	Pinaslang
2	pinasok
2	pinatatag
2	pinilit
2	pinipitas
2	piniringan
2	pinsalain
2	pinugutan
2	pinuksa
2	pinuri
2	Pinuri
2	pinuspos
2	pipili
2	pipiliin
2	pisngi
2	piso
2	pitasan
2	pitumpung
2	Publio
2	pugad
2	pulubing
2	pumanaw
2	pumutol
2	punit
2	Punuin
2	pupuksain
2	puro
2	Rebecca
2	regalo
2	rekomendasyon
2	ritong
2	rituwal
2	ruda
2	Rufo
2	sabachthani
2	Sabihan
2	sadya
2	sadyang
2	Safira
2	safiro
2	saganang
2	saglit
2	sakmalin
2	salamangka
2	salamangkerong
2	salarin
2	Salatiel
2	salaysay
2	Salem
2	salmo
2	Salome
2	salungatin
2	samantalahin
2	Samaritana
2	sambayanan
2	sampalin
2	sandaang
2	sandatang
2	sansinukob
2	sasagot
2	Sasagot
2	sasainyo
2	sasakyan
2	sasapat
2	Saul
2	Saulo'y
2	sebada
2	sensus
2	Set
2	Sheba
2	Shem
2	sibilisado
2	sigasig
2	Sige
2	sikamoro
2	sikap
2	sikat
2	sila't
2	siluin
2	sinaksak
2	sinampalatayanan
2	sinapian
2	Sinasaliksik
2	Sinasaniban
2	sinisiksik
2	sinisiyasat
2	sinlakas
2	sinugatan
2	sinukat
2	Sinukat
2	sinumbatan
2	sinusumbatan
2	singganda
2	singilin
2	singko
2	singsing
2	sisiw
2	Sostenes
2	subok
2	sukatan
2	sulatan
2	suliraning
2	sumadsad
2	sumalok
2	sumigla
2	sumikat
2	sumilip
2	sumumpang
2	sumuntok
2	sumusumpa
2	Sundan
2	sunod
2	suot
2	suriin
2	susubukin
2	susuguin
2	Susuguin
2	taas
2	tabang
2	Tabunan
2	Tadeo
2	tagal
2	tagapangaral
2	tahimik
2	takbo
2	taluktok
2	tanikalang
2	tanim
2	tanggap
2	tanghalan
2	tanghaling
2	tanglaw
2	tapakan
2	tataas
2	tatalikod
2	tatayu
2	tatlumpu't
2	Teofilo
2	testamento
2	tigang
2	tigilan
2	Tigilan
2	tinaglay
2	tinagpian
2	Tinahak
2	tinalikuran
2	tinatahanan
2	tinatakan
2	tinatamasa
2	tinatanong
2	tindahan
2	Tinugtugan
2	Tinularan
2	tinuligsa
2	tinulungan
2	tinupok
2	Tipanan
2	tipang
2	tirahan
2	titiisin
2	titingin
2	titipunin
2	Titipunin
2	Tiyakin
2	trabaho
2	tugma
2	tuksuhin
2	tuldok
2	Tumagal
2	tumalon
2	tumatanglaw
2	tumira
2	tumitimo
2	tumitingin
2	tumutukoy
2	tuntungan
2	tupukin
2	tuso
2	tutulong
2	tutulungan
2	tutupukin
2	tuturuan
2	tuwiran
2	ugnay
2	ugnayan
2	ulila
2	ulitin
2	umaalipin
2	umaasang
2	umakay
2	umalsa
2	umapaw
2	umiral
2	umiwas
2	umurong
2	umuwing
2	unos
2	upahan
2	usapang
2	usaping
2	usbong
2	uudyok
2	uusapang
2	uutos
2	v
2	wagas
2	walo
2	Winisikan
2	yata
2	yerbabuena
2	Zerubabel
4015	***
